,DATA COMPETÊNCIA,CODIGO FILIAL,TIPO VEÍCULO,DIA_DA_SEMANA,JORNADA,QNT_ROTAS
0,2024-08-01,6,FORTE,Quinta,greater than 14,3
605,2024-08-01,116,LEVE,Quinta,till 8,1
100,2024-08-01,170,LEVE,Quinta,till 8,2
25,2024-08-01,6,LEVE,Quinta,till 11,1
65,2024-08-01,116,FORTE,Quinta,till 8,3
95,2024-08-01,170,FORTE,Quinta,till 9,6
900,2024-08-01,6,FORTE,Quinta,till 9,1
35,2024-08-01,75,FORTE,Quinta,till 11,2
90,2024-08-01,170,FORTE,Quinta,till 8,4
40,2024-08-01,75,FORTE,Quinta,till 9,6
85,2024-08-01,170,FORTE,Quinta,till 12,1
45,2024-08-01,75,LEVE,Quinta,till 9,1
80,2024-08-01,170,FORTE,Quinta,till 10,1
50,2024-08-01,116,FORTE,Quinta,greater than 14,2
75,2024-08-01,116,LEVE,Quinta,till 11,1
55,2024-08-01,116,FORTE,Quinta,till 10,2
858,2024-08-01,116,FORTE,Quinta,till 14,1
70,2024-08-01,116,FORTE,Quinta,till 9,1
600,2024-08-01,116,FORTE,Quinta,till 13,2
20,2024-08-01,6,LEVE,Quinta,till 10,1
30,2024-08-01,75,FORTE,Quinta,till 10,4
580,2024-08-01,6,FORTE,Quinta,till 12,4
794,2024-08-01,170,FORTE,Quinta,till 11,1
799,2024-08-01,170,LEVE,Quinta,till 10,1
789,2024-08-01,116,FORTE,Quinta,till 12,2
5,2024-08-01,6,FORTE,Quinta,till 10,1
575,2024-08-01,6,FORTE,Quinta,till 11,5
784,2024-08-01,75,FORTE,Quinta,till 8,4
779,2024-08-01,6,FORTE,Quinta,till 8,1
10,2024-08-01,6,FORTE,Quinta,till 13,3
585,2024-08-01,75,FORTE,Quinta,till 12,1
60,2024-08-01,116,FORTE,Quinta,till 11,2
905,2024-08-01,6,LEVE,Quinta,till 12,1
595,2024-08-01,75,LEVE,Quinta,till 8,1
590,2024-08-01,75,LEVE,Quinta,till 10,1
15,2024-08-01,6,FORTE,Quinta,till 14,2
873,2024-08-02,116,FORTE,Sexta,till 14,1
878,2024-08-02,116,LEVE,Sexta,till 13,1
210,2024-08-02,170,LEVE,Sexta,till 9,1
115,2024-08-02,6,FORTE,Sexta,till 12,4
205,2024-08-02,170,LEVE,Sexta,till 8,1
200,2024-08-02,170,FORTE,Sexta,till 9,6
195,2024-08-02,170,FORTE,Sexta,till 8,3
105,2024-08-02,6,FORTE,Sexta,greater than 14,1
863,2024-08-02,6,FORTE,Sexta,till 8,1
190,2024-08-02,170,FORTE,Sexta,till 11,1
185,2024-08-02,170,FORTE,Sexta,till 10,3
135,2024-08-02,75,FORTE,Sexta,till 10,4
180,2024-08-02,116,FORTE,Sexta,till 8,4
140,2024-08-02,75,FORTE,Sexta,till 11,1
175,2024-08-02,116,FORTE,Sexta,till 13,2
868,2024-08-02,75,LEVE,Sexta,till 8,1
145,2024-08-02,75,FORTE,Sexta,till 8,4
170,2024-08-02,116,FORTE,Sexta,till 12,2
150,2024-08-02,75,FORTE,Sexta,till 9,5
165,2024-08-02,116,FORTE,Sexta,till 11,1
160,2024-08-02,116,FORTE,Sexta,greater than 14,2
120,2024-08-02,6,FORTE,Sexta,till 13,3
155,2024-08-02,75,LEVE,Sexta,till 10,1
125,2024-08-02,6,FORTE,Sexta,till 14,1
130,2024-08-02,6,LEVE,Sexta,till 11,1
110,2024-08-02,6,FORTE,Sexta,till 11,5
630,2024-08-02,116,FORTE,Sexta,till 9,1
804,2024-08-02,6,FORTE,Sexta,till 9,1
809,2024-08-02,6,LEVE,Sexta,till 12,1
814,2024-08-02,75,FORTE,Sexta,till 12,1
819,2024-08-02,116,LEVE,Sexta,till 12,1
645,2024-08-02,170,LEVE,Sexta,till 11,1
610,2024-08-02,6,FORTE,Sexta,till 10,2
615,2024-08-02,6,LEVE,Sexta,till 10,1
620,2024-08-02,75,LEVE,Sexta,till 9,1
625,2024-08-02,116,FORTE,Sexta,till 10,2
635,2024-08-02,116,LEVE,Sexta,till 8,1
640,2024-08-02,170,FORTE,Sexta,till 13,2
305,2024-08-03,170,FORTE,Sábado,till 11,1
310,2024-08-03,170,FORTE,Sábado,till 12,2
315,2024-08-03,170,FORTE,Sábado,till 8,4
320,2024-08-03,170,FORTE,Sábado,till 9,5
240,2024-08-03,75,FORTE,Sábado,till 10,5
330,2024-08-03,170,LEVE,Sábado,till 8,1
690,2024-08-03,116,FORTE,Sábado,till 12,2
829,2024-08-03,6,LEVE,Sábado,till 11,1
824,2024-08-03,6,FORTE,Sábado,till 8,2
325,2024-08-03,170,LEVE,Sábado,till 11,1
245,2024-08-03,75,FORTE,Sábado,till 12,1
300,2024-08-03,170,FORTE,Sábado,till 10,3
650,2024-08-03,6,FORTE,Sábado,till 10,3
670,2024-08-03,6,LEVE,Sábado,till 8,1
235,2024-08-03,6,LEVE,Sábado,till 12,1
250,2024-08-03,75,FORTE,Sábado,till 8,2
230,2024-08-03,6,LEVE,Sábado,till 10,1
225,2024-08-03,6,FORTE,Sábado,till 14,3
675,2024-08-03,75,FORTE,Sábado,till 11,1
220,2024-08-03,6,FORTE,Sábado,till 13,3
665,2024-08-03,6,FORTE,Sábado,till 9,1
215,2024-08-03,6,FORTE,Sábado,greater than 14,3
295,2024-08-03,116,LEVE,Sábado,till 8,1
255,2024-08-03,75,FORTE,Sábado,till 9,5
260,2024-08-03,75,LEVE,Sábado,till 10,1
883,2024-08-03,170,LEVE,Sábado,till 10,1
265,2024-08-03,75,LEVE,Sábado,till 9,1
270,2024-08-03,116,FORTE,Sábado,greater than 14,2
685,2024-08-03,116,FORTE,Sábado,till 10,1
655,2024-08-03,6,FORTE,Sábado,till 11,4
280,2024-08-03,116,FORTE,Sábado,till 13,1
285,2024-08-03,116,FORTE,Sábado,till 8,7
290,2024-08-03,116,FORTE,Sábado,till 9,3
680,2024-08-03,75,LEVE,Sábado,till 8,1
660,2024-08-03,6,FORTE,Sábado,till 12,4
275,2024-08-03,116,FORTE,Sábado,till 11,1
834,2024-08-04,6,LEVE,Domingo,till 10,1
363,2024-08-04,75,FORTE,Domingo,till 11,2
842,2024-08-04,116,FORTE,Domingo,till 12,2
355,2024-08-04,6,LEVE,Domingo,till 11,1
351,2024-08-04,6,FORTE,Domingo,till 14,2
703,2024-08-04,6,LEVE,Domingo,till 13,1
347,2024-08-04,6,FORTE,Domingo,till 13,3
343,2024-08-04,6,FORTE,Domingo,till 12,3
367,2024-08-04,75,FORTE,Domingo,till 8,3
339,2024-08-04,6,FORTE,Domingo,till 11,3
723,2024-08-04,170,LEVE,Domingo,till 9,1
838,2024-08-04,75,LEVE,Domingo,till 8,1
699,2024-08-04,6,FORTE,Domingo,till 9,1
888,2024-08-04,6,FORTE,Domingo,till 8,1
719,2024-08-04,170,LEVE,Domingo,till 10,1
695,2024-08-04,6,FORTE,Domingo,till 10,1
846,2024-08-04,116,FORTE,Domingo,till 14,1
335,2024-08-04,6,FORTE,Domingo,greater than 14,3
371,2024-08-04,75,FORTE,Domingo,till 9,6
359,2024-08-04,75,FORTE,Domingo,till 10,4
707,2024-08-04,6,LEVE,Domingo,till 9,1
415,2024-08-04,170,LEVE,Domingo,till 8,2
411,2024-08-04,170,FORTE,Domingo,till 9,6
407,2024-08-04,170,FORTE,Domingo,till 8,4
403,2024-08-04,170,FORTE,Domingo,till 12,1
399,2024-08-04,170,FORTE,Domingo,till 11,1
711,2024-08-04,116,FORTE,Domingo,till 13,2
375,2024-08-04,75,LEVE,Domingo,till 9,1
391,2024-08-04,116,FORTE,Domingo,till 9,1
395,2024-08-04,170,FORTE,Domingo,till 10,1
379,2024-08-04,116,FORTE,Domingo,greater than 14,2
383,2024-08-04,116,FORTE,Domingo,till 10,2
715,2024-08-04,116,FORTE,Domingo,till 8,3
387,2024-08-04,116,FORTE,Domingo,till 11,2
503,2024-08-05,170,FORTE,Segunda,till 11,1
499,2024-08-05,170,FORTE,Segunda,till 10,3
511,2024-08-05,170,FORTE,Segunda,till 9,6
727,2024-08-05,6,FORTE,Segunda,till 8,1
507,2024-08-05,170,FORTE,Segunda,till 8,3
747,2024-08-05,116,FORTE,Segunda,till 14,1
483,2024-08-05,116,FORTE,Segunda,till 13,2
731,2024-08-05,6,FORTE,Segunda,till 9,1
755,2024-08-05,170,LEVE,Segunda,till 9,1
495,2024-08-05,116,LEVE,Segunda,till 10,1
491,2024-08-05,116,FORTE,Segunda,till 9,1
850,2024-08-05,6,LEVE,Segunda,till 12,1
487,2024-08-05,116,FORTE,Segunda,till 8,4
892,2024-08-05,6,LEVE,Segunda,till 11,1
479,2024-08-05,116,FORTE,Segunda,till 12,2
475,2024-08-05,116,FORTE,Segunda,till 11,1
896,2024-08-05,116,LEVE,Segunda,till 8,1
467,2024-08-05,116,FORTE,Segunda,greater than 14,2
419,2024-08-05,6,FORTE,Segunda,greater than 14,1
423,2024-08-05,6,FORTE,Segunda,till 10,2
427,2024-08-05,6,FORTE,Segunda,till 11,5
431,2024-08-05,6,FORTE,Segunda,till 12,4
435,2024-08-05,6,FORTE,Segunda,till 13,3
439,2024-08-05,6,FORTE,Segunda,till 14,1
751,2024-08-05,170,FORTE,Segunda,till 12,2
471,2024-08-05,116,FORTE,Segunda,till 10,2
443,2024-08-05,6,LEVE,Segunda,till 10,1
447,2024-08-05,75,FORTE,Segunda,till 10,4
451,2024-08-05,75,FORTE,Segunda,till 12,1
739,2024-08-05,75,LEVE,Segunda,till 10,1
455,2024-08-05,75,FORTE,Segunda,till 8,4
459,2024-08-05,75,FORTE,Segunda,till 9,5
463,2024-08-05,75,LEVE,Segunda,till 9,2
735,2024-08-05,75,FORTE,Segunda,till 11,1
743,2024-08-05,75,LEVE,Segunda,till 8,1
515,2024-08-05,170,LEVE,Segunda,till 8,1
854,2024-08-06,116,FORTE,Terça,till 11,1
759,2024-08-06,6,FORTE,Terça,till 13,3
763,2024-08-06,116,FORTE,Terça,till 9,3
551,2024-08-06,116,FORTE,Terça,till 8,7
543,2024-08-06,116,FORTE,Terça,till 10,2
527,2024-08-06,6,FORTE,Terça,till 8,1
555,2024-08-06,170,FORTE,Terça,till 8,4
523,2024-08-06,6,FORTE,Terça,till 11,1
535,2024-08-06,75,FORTE,Terça,till 8,2
559,2024-08-06,170,LEVE,Terça,till 8,1
539,2024-08-06,75,FORTE,Terça,till 9,5
547,2024-08-06,116,FORTE,Terça,till 14,1
531,2024-08-06,6,FORTE,Terça,till 9,1
519,2024-08-06,6,FORTE,Terça,till 10,2
563,2024-08-07,6,FORTE,Quarta,till 8,2
775,2024-08-07,116,FORTE,Quarta,till 12,1
767,2024-08-07,75,LEVE,Quarta,till 8,1
571,2024-08-07,116,FORTE,Quarta,till 8,2
567,2024-08-07,75,FORTE,Quarta,till 8,3
771,2024-08-07,75,LEVE,Quarta,till 9,1
21,2024-08-08,6,LEVE,Quinta,till 10,1
101,2024-08-08,170,LEVE,Quinta,till 8,2
1,2024-08-08,6,FORTE,Quinta,greater than 14,3
26,2024-08-08,6,LEVE,Quinta,till 11,1
66,2024-08-08,116,FORTE,Quinta,till 8,3
46,2024-08-08,75,LEVE,Quinta,till 9,1
586,2024-08-08,75,FORTE,Quinta,till 12,1
601,2024-08-08,116,FORTE,Quinta,till 13,2
576,2024-08-08,6,FORTE,Quinta,till 11,5
51,2024-08-08,116,FORTE,Quinta,greater than 14,2
795,2024-08-08,170,FORTE,Quinta,till 11,1
800,2024-08-08,170,LEVE,Quinta,till 10,1
61,2024-08-08,116,FORTE,Quinta,till 11,2
901,2024-08-08,6,FORTE,Quinta,till 9,1
91,2024-08-08,170,FORTE,Quinta,till 8,4
56,2024-08-08,116,FORTE,Quinta,till 10,2
581,2024-08-08,6,FORTE,Quinta,till 12,4
11,2024-08-08,6,FORTE,Quinta,till 13,3
606,2024-08-08,116,LEVE,Quinta,till 8,1
6,2024-08-08,6,FORTE,Quinta,till 10,1
16,2024-08-08,6,FORTE,Quinta,till 14,2
785,2024-08-08,75,FORTE,Quinta,till 8,4
36,2024-08-08,75,FORTE,Quinta,till 11,2
906,2024-08-08,6,LEVE,Quinta,till 12,1
780,2024-08-08,6,FORTE,Quinta,till 8,1
31,2024-08-08,75,FORTE,Quinta,till 10,4
41,2024-08-08,75,FORTE,Quinta,till 9,6
596,2024-08-08,75,LEVE,Quinta,till 8,1
71,2024-08-08,116,FORTE,Quinta,till 9,1
859,2024-08-08,116,FORTE,Quinta,till 14,1
86,2024-08-08,170,FORTE,Quinta,till 12,1
81,2024-08-08,170,FORTE,Quinta,till 10,1
76,2024-08-08,116,LEVE,Quinta,till 11,1
96,2024-08-08,170,FORTE,Quinta,till 9,6
790,2024-08-08,116,FORTE,Quinta,till 12,2
591,2024-08-08,75,LEVE,Quinta,till 10,1
161,2024-08-09,116,FORTE,Sexta,greater than 14,2
820,2024-08-09,116,LEVE,Sexta,till 12,1
166,2024-08-09,116,FORTE,Sexta,till 11,1
641,2024-08-09,170,FORTE,Sexta,till 13,2
874,2024-08-09,116,FORTE,Sexta,till 14,1
636,2024-08-09,116,LEVE,Sexta,till 8,1
621,2024-08-09,75,LEVE,Sexta,till 9,1
126,2024-08-09,6,FORTE,Sexta,till 14,1
631,2024-08-09,116,FORTE,Sexta,till 9,1
879,2024-08-09,116,LEVE,Sexta,till 13,1
136,2024-08-09,75,FORTE,Sexta,till 10,4
151,2024-08-09,75,FORTE,Sexta,till 9,5
156,2024-08-09,75,LEVE,Sexta,till 10,1
131,2024-08-09,6,LEVE,Sexta,till 11,1
141,2024-08-09,75,FORTE,Sexta,till 11,1
646,2024-08-09,170,LEVE,Sexta,till 11,1
626,2024-08-09,116,FORTE,Sexta,till 10,2
146,2024-08-09,75,FORTE,Sexta,till 8,4
815,2024-08-09,75,FORTE,Sexta,till 12,1
206,2024-08-09,170,LEVE,Sexta,till 8,1
616,2024-08-09,6,LEVE,Sexta,till 10,1
116,2024-08-09,6,FORTE,Sexta,till 12,4
171,2024-08-09,116,FORTE,Sexta,till 12,2
106,2024-08-09,6,FORTE,Sexta,greater than 14,1
201,2024-08-09,170,FORTE,Sexta,till 9,6
176,2024-08-09,116,FORTE,Sexta,till 13,2
121,2024-08-09,6,FORTE,Sexta,till 13,3
805,2024-08-09,6,FORTE,Sexta,till 9,1
810,2024-08-09,6,LEVE,Sexta,till 12,1
196,2024-08-09,170,FORTE,Sexta,till 8,3
611,2024-08-09,6,FORTE,Sexta,till 10,2
191,2024-08-09,170,FORTE,Sexta,till 11,1
869,2024-08-09,75,LEVE,Sexta,till 8,1
864,2024-08-09,6,FORTE,Sexta,till 8,1
186,2024-08-09,170,FORTE,Sexta,till 10,3
111,2024-08-09,6,FORTE,Sexta,till 11,5
181,2024-08-09,116,FORTE,Sexta,till 8,4
211,2024-08-09,170,LEVE,Sexta,till 9,1
301,2024-08-10,170,FORTE,Sábado,till 10,3
311,2024-08-10,170,FORTE,Sábado,till 12,2
226,2024-08-10,6,FORTE,Sábado,till 14,3
296,2024-08-10,116,LEVE,Sábado,till 8,1
221,2024-08-10,6,FORTE,Sábado,till 13,3
306,2024-08-10,170,FORTE,Sábado,till 11,1
216,2024-08-10,6,FORTE,Sábado,greater than 14,3
251,2024-08-10,75,FORTE,Sábado,till 8,2
681,2024-08-10,75,LEVE,Sábado,till 8,1
316,2024-08-10,170,FORTE,Sábado,till 8,4
231,2024-08-10,6,LEVE,Sábado,till 10,1
321,2024-08-10,170,FORTE,Sábado,till 9,5
326,2024-08-10,170,LEVE,Sábado,till 11,1
884,2024-08-10,170,LEVE,Sábado,till 10,1
331,2024-08-10,170,LEVE,Sábado,till 8,1
686,2024-08-10,116,FORTE,Sábado,till 10,1
825,2024-08-10,6,FORTE,Sábado,till 8,2
691,2024-08-10,116,FORTE,Sábado,till 12,2
651,2024-08-10,6,FORTE,Sábado,till 10,3
676,2024-08-10,75,FORTE,Sábado,till 11,1
291,2024-08-10,116,FORTE,Sábado,till 9,3
261,2024-08-10,75,LEVE,Sábado,till 10,1
830,2024-08-10,6,LEVE,Sábado,till 11,1
666,2024-08-10,6,FORTE,Sábado,till 9,1
671,2024-08-10,6,LEVE,Sábado,till 8,1
276,2024-08-10,116,FORTE,Sábado,till 11,1
281,2024-08-10,116,FORTE,Sábado,till 13,1
286,2024-08-10,116,FORTE,Sábado,till 8,7
656,2024-08-10,6,FORTE,Sábado,till 11,4
241,2024-08-10,75,FORTE,Sábado,till 10,5
266,2024-08-10,75,LEVE,Sábado,till 9,1
256,2024-08-10,75,FORTE,Sábado,till 9,5
271,2024-08-10,116,FORTE,Sábado,greater than 14,2
246,2024-08-10,75,FORTE,Sábado,till 12,1
661,2024-08-10,6,FORTE,Sábado,till 12,4
236,2024-08-10,6,LEVE,Sábado,till 12,1
889,2024-08-11,6,FORTE,Domingo,till 8,1
716,2024-08-11,116,FORTE,Domingo,till 8,3
847,2024-08-11,116,FORTE,Domingo,till 14,1
356,2024-08-11,6,LEVE,Domingo,till 11,1
336,2024-08-11,6,FORTE,Domingo,greater than 14,3
724,2024-08-11,170,LEVE,Domingo,till 9,1
340,2024-08-11,6,FORTE,Domingo,till 11,3
712,2024-08-11,116,FORTE,Domingo,till 13,2
412,2024-08-11,170,FORTE,Domingo,till 9,6
344,2024-08-11,6,FORTE,Domingo,till 12,3
388,2024-08-11,116,FORTE,Domingo,till 11,2
348,2024-08-11,6,FORTE,Domingo,till 13,3
352,2024-08-11,6,FORTE,Domingo,till 14,2
416,2024-08-11,170,LEVE,Domingo,till 8,2
384,2024-08-11,116,FORTE,Domingo,till 10,2
360,2024-08-11,75,FORTE,Domingo,till 10,4
835,2024-08-11,6,LEVE,Domingo,till 10,1
720,2024-08-11,170,LEVE,Domingo,till 10,1
368,2024-08-11,75,FORTE,Domingo,till 8,3
400,2024-08-11,170,FORTE,Domingo,till 11,1
376,2024-08-11,75,LEVE,Domingo,till 9,1
708,2024-08-11,6,LEVE,Domingo,till 9,1
839,2024-08-11,75,LEVE,Domingo,till 8,1
843,2024-08-11,116,FORTE,Domingo,till 12,2
700,2024-08-11,6,FORTE,Domingo,till 9,1
404,2024-08-11,170,FORTE,Domingo,till 12,1
696,2024-08-11,6,FORTE,Domingo,till 10,1
396,2024-08-11,170,FORTE,Domingo,till 10,1
364,2024-08-11,75,FORTE,Domingo,till 11,2
380,2024-08-11,116,FORTE,Domingo,greater than 14,2
392,2024-08-11,116,FORTE,Domingo,till 9,1
372,2024-08-11,75,FORTE,Domingo,till 9,6
408,2024-08-11,170,FORTE,Domingo,till 8,4
704,2024-08-11,6,LEVE,Domingo,till 13,1
432,2024-08-12,6,FORTE,Segunda,till 12,4
440,2024-08-12,6,FORTE,Segunda,till 14,1
740,2024-08-12,75,LEVE,Segunda,till 10,1
420,2024-08-12,6,FORTE,Segunda,greater than 14,1
748,2024-08-12,116,FORTE,Segunda,till 14,1
436,2024-08-12,6,FORTE,Segunda,till 13,3
428,2024-08-12,6,FORTE,Segunda,till 11,5
424,2024-08-12,6,FORTE,Segunda,till 10,2
736,2024-08-12,75,FORTE,Segunda,till 11,1
480,2024-08-12,116,FORTE,Segunda,till 12,2
476,2024-08-12,116,FORTE,Segunda,till 11,1
732,2024-08-12,6,FORTE,Segunda,till 9,1
851,2024-08-12,6,LEVE,Segunda,till 12,1
472,2024-08-12,116,FORTE,Segunda,till 10,2
897,2024-08-12,116,LEVE,Segunda,till 8,1
488,2024-08-12,116,FORTE,Segunda,till 8,4
468,2024-08-12,116,FORTE,Segunda,greater than 14,2
492,2024-08-12,116,FORTE,Segunda,till 9,1
744,2024-08-12,75,LEVE,Segunda,till 8,1
728,2024-08-12,6,FORTE,Segunda,till 8,1
496,2024-08-12,116,LEVE,Segunda,till 10,1
484,2024-08-12,116,FORTE,Segunda,till 13,2
464,2024-08-12,75,LEVE,Segunda,till 9,2
444,2024-08-12,6,LEVE,Segunda,till 10,1
756,2024-08-12,170,LEVE,Segunda,till 9,1
460,2024-08-12,75,FORTE,Segunda,till 9,5
456,2024-08-12,75,FORTE,Segunda,till 8,4
500,2024-08-12,170,FORTE,Segunda,till 10,3
752,2024-08-12,170,FORTE,Segunda,till 12,2
516,2024-08-12,170,LEVE,Segunda,till 8,1
452,2024-08-12,75,FORTE,Segunda,till 12,1
893,2024-08-12,6,LEVE,Segunda,till 11,1
504,2024-08-12,170,FORTE,Segunda,till 11,1
508,2024-08-12,170,FORTE,Segunda,till 8,3
512,2024-08-12,170,FORTE,Segunda,till 9,6
448,2024-08-12,75,FORTE,Segunda,till 10,4
548,2024-08-13,116,FORTE,Terça,till 14,1
544,2024-08-13,116,FORTE,Terça,till 10,2
760,2024-08-13,6,FORTE,Terça,till 13,3
520,2024-08-13,6,FORTE,Terça,till 10,2
524,2024-08-13,6,FORTE,Terça,till 11,1
855,2024-08-13,116,FORTE,Terça,till 11,1
556,2024-08-13,170,FORTE,Terça,till 8,4
552,2024-08-13,116,FORTE,Terça,till 8,7
536,2024-08-13,75,FORTE,Terça,till 8,2
764,2024-08-13,116,FORTE,Terça,till 9,3
532,2024-08-13,6,FORTE,Terça,till 9,1
528,2024-08-13,6,FORTE,Terça,till 8,1
560,2024-08-13,170,LEVE,Terça,till 8,1
540,2024-08-13,75,FORTE,Terça,till 9,5
564,2024-08-14,6,FORTE,Quarta,till 8,2
568,2024-08-14,75,FORTE,Quarta,till 8,3
768,2024-08-14,75,LEVE,Quarta,till 8,1
572,2024-08-14,116,FORTE,Quarta,till 8,2
772,2024-08-14,75,LEVE,Quarta,till 9,1
776,2024-08-14,116,FORTE,Quarta,till 12,1
7,2024-08-15,6,FORTE,Quinta,till 10,1
602,2024-08-15,116,FORTE,Quinta,till 13,2
597,2024-08-15,75,LEVE,Quinta,till 8,1
22,2024-08-15,6,LEVE,Quinta,till 10,1
907,2024-08-15,6,LEVE,Quinta,till 12,1
12,2024-08-15,6,FORTE,Quinta,till 13,3
577,2024-08-15,6,FORTE,Quinta,till 11,5
607,2024-08-15,116,LEVE,Quinta,till 8,1
786,2024-08-15,75,FORTE,Quinta,till 8,4
17,2024-08-15,6,FORTE,Quinta,till 14,2
587,2024-08-15,75,FORTE,Quinta,till 12,1
592,2024-08-15,75,LEVE,Quinta,till 10,1
791,2024-08-15,116,FORTE,Quinta,till 12,2
796,2024-08-15,170,FORTE,Quinta,till 11,1
582,2024-08-15,6,FORTE,Quinta,till 12,4
781,2024-08-15,6,FORTE,Quinta,till 8,1
801,2024-08-15,170,LEVE,Quinta,till 10,1
2,2024-08-15,6,FORTE,Quinta,greater than 14,3
32,2024-08-15,75,FORTE,Quinta,till 10,4
902,2024-08-15,6,FORTE,Quinta,till 9,1
42,2024-08-15,75,FORTE,Quinta,till 9,6
77,2024-08-15,116,LEVE,Quinta,till 11,1
97,2024-08-15,170,FORTE,Quinta,till 9,6
87,2024-08-15,170,FORTE,Quinta,till 12,1
82,2024-08-15,170,FORTE,Quinta,till 10,1
47,2024-08-15,75,LEVE,Quinta,till 9,1
27,2024-08-15,6,LEVE,Quinta,till 11,1
860,2024-08-15,116,FORTE,Quinta,till 14,1
102,2024-08-15,170,LEVE,Quinta,till 8,2
72,2024-08-15,116,FORTE,Quinta,till 9,1
37,2024-08-15,75,FORTE,Quinta,till 11,2
67,2024-08-15,116,FORTE,Quinta,till 8,3
52,2024-08-15,116,FORTE,Quinta,greater than 14,2
62,2024-08-15,116,FORTE,Quinta,till 11,2
57,2024-08-15,116,FORTE,Quinta,till 10,2
92,2024-08-15,170,FORTE,Quinta,till 8,4
192,2024-08-16,170,FORTE,Sexta,till 11,1
187,2024-08-16,170,FORTE,Sexta,till 10,3
821,2024-08-16,116,LEVE,Sexta,till 12,1
182,2024-08-16,116,FORTE,Sexta,till 8,4
642,2024-08-16,170,FORTE,Sexta,till 13,2
647,2024-08-16,170,LEVE,Sexta,till 11,1
202,2024-08-16,170,FORTE,Sexta,till 9,6
806,2024-08-16,6,FORTE,Sexta,till 9,1
207,2024-08-16,170,LEVE,Sexta,till 8,1
212,2024-08-16,170,LEVE,Sexta,till 9,1
816,2024-08-16,75,FORTE,Sexta,till 12,1
811,2024-08-16,6,LEVE,Sexta,till 12,1
197,2024-08-16,170,FORTE,Sexta,till 8,3
177,2024-08-16,116,FORTE,Sexta,till 13,2
865,2024-08-16,6,FORTE,Sexta,till 8,1
132,2024-08-16,6,LEVE,Sexta,till 11,1
122,2024-08-16,6,FORTE,Sexta,till 13,3
880,2024-08-16,116,LEVE,Sexta,till 13,1
127,2024-08-16,6,FORTE,Sexta,till 14,1
617,2024-08-16,6,LEVE,Sexta,till 10,1
637,2024-08-16,116,LEVE,Sexta,till 8,1
137,2024-08-16,75,FORTE,Sexta,till 10,4
142,2024-08-16,75,FORTE,Sexta,till 11,1
117,2024-08-16,6,FORTE,Sexta,till 12,4
875,2024-08-16,116,FORTE,Sexta,till 14,1
147,2024-08-16,75,FORTE,Sexta,till 8,4
622,2024-08-16,75,LEVE,Sexta,till 9,1
157,2024-08-16,75,LEVE,Sexta,till 10,1
627,2024-08-16,116,FORTE,Sexta,till 10,2
162,2024-08-16,116,FORTE,Sexta,greater than 14,2
870,2024-08-16,75,LEVE,Sexta,till 8,1
167,2024-08-16,116,FORTE,Sexta,till 11,1
107,2024-08-16,6,FORTE,Sexta,greater than 14,1
172,2024-08-16,116,FORTE,Sexta,till 12,2
632,2024-08-16,116,FORTE,Sexta,till 9,1
112,2024-08-16,6,FORTE,Sexta,till 11,5
152,2024-08-16,75,FORTE,Sexta,till 9,5
612,2024-08-16,6,FORTE,Sexta,till 10,2
227,2024-08-17,6,FORTE,Sábado,till 14,3
237,2024-08-17,6,LEVE,Sábado,till 12,1
672,2024-08-17,6,LEVE,Sábado,till 8,1
232,2024-08-17,6,LEVE,Sábado,till 10,1
692,2024-08-17,116,FORTE,Sábado,till 12,2
222,2024-08-17,6,FORTE,Sábado,till 13,3
677,2024-08-17,75,FORTE,Sábado,till 11,1
217,2024-08-17,6,FORTE,Sábado,greater than 14,3
682,2024-08-17,75,LEVE,Sábado,till 8,1
687,2024-08-17,116,FORTE,Sábado,till 10,1
242,2024-08-17,75,FORTE,Sábado,till 10,5
885,2024-08-17,170,LEVE,Sábado,till 10,1
667,2024-08-17,6,FORTE,Sábado,till 9,1
662,2024-08-17,6,FORTE,Sábado,till 12,4
297,2024-08-17,116,LEVE,Sábado,till 8,1
312,2024-08-17,170,FORTE,Sábado,till 12,2
322,2024-08-17,170,FORTE,Sábado,till 9,5
307,2024-08-17,170,FORTE,Sábado,till 11,1
327,2024-08-17,170,LEVE,Sábado,till 11,1
302,2024-08-17,170,FORTE,Sábado,till 10,3
247,2024-08-17,75,FORTE,Sábado,till 12,1
826,2024-08-17,6,FORTE,Sábado,till 8,2
292,2024-08-17,116,FORTE,Sábado,till 9,3
652,2024-08-17,6,FORTE,Sábado,till 10,3
287,2024-08-17,116,FORTE,Sábado,till 8,7
332,2024-08-17,170,LEVE,Sábado,till 8,1
317,2024-08-17,170,FORTE,Sábado,till 8,4
282,2024-08-17,116,FORTE,Sábado,till 13,1
277,2024-08-17,116,FORTE,Sábado,till 11,1
657,2024-08-17,6,FORTE,Sábado,till 11,4
272,2024-08-17,116,FORTE,Sábado,greater than 14,2
267,2024-08-17,75,LEVE,Sábado,till 9,1
262,2024-08-17,75,LEVE,Sábado,till 10,1
831,2024-08-17,6,LEVE,Sábado,till 11,1
257,2024-08-17,75,FORTE,Sábado,till 9,5
252,2024-08-17,75,FORTE,Sábado,till 8,2
381,2024-08-18,116,FORTE,Domingo,greater than 14,2
377,2024-08-18,75,LEVE,Domingo,till 9,1
373,2024-08-18,75,FORTE,Domingo,till 9,6
369,2024-08-18,75,FORTE,Domingo,till 8,3
701,2024-08-18,6,FORTE,Domingo,till 9,1
717,2024-08-18,116,FORTE,Domingo,till 8,3
890,2024-08-18,6,FORTE,Domingo,till 8,1
705,2024-08-18,6,LEVE,Domingo,till 13,1
389,2024-08-18,116,FORTE,Domingo,till 11,2
393,2024-08-18,116,FORTE,Domingo,till 9,1
397,2024-08-18,170,FORTE,Domingo,till 10,1
401,2024-08-18,170,FORTE,Domingo,till 11,1
405,2024-08-18,170,FORTE,Domingo,till 12,1
709,2024-08-18,6,LEVE,Domingo,till 9,1
409,2024-08-18,170,FORTE,Domingo,till 8,4
413,2024-08-18,170,FORTE,Domingo,till 9,6
385,2024-08-18,116,FORTE,Domingo,till 10,2
365,2024-08-18,75,FORTE,Domingo,till 11,2
713,2024-08-18,116,FORTE,Domingo,till 13,2
361,2024-08-18,75,FORTE,Domingo,till 10,4
357,2024-08-18,6,LEVE,Domingo,till 11,1
353,2024-08-18,6,FORTE,Domingo,till 14,2
349,2024-08-18,6,FORTE,Domingo,till 13,3
345,2024-08-18,6,FORTE,Domingo,till 12,3
341,2024-08-18,6,FORTE,Domingo,till 11,3
337,2024-08-18,6,FORTE,Domingo,greater than 14,3
721,2024-08-18,170,LEVE,Domingo,till 10,1
836,2024-08-18,6,LEVE,Domingo,till 10,1
417,2024-08-18,170,LEVE,Domingo,till 8,2
697,2024-08-18,6,FORTE,Domingo,till 10,1
840,2024-08-18,75,LEVE,Domingo,till 8,1
848,2024-08-18,116,FORTE,Domingo,till 14,1
725,2024-08-18,170,LEVE,Domingo,till 9,1
844,2024-08-18,116,FORTE,Domingo,till 12,2
729,2024-08-19,6,FORTE,Segunda,till 8,1
757,2024-08-19,170,LEVE,Segunda,till 9,1
753,2024-08-19,170,FORTE,Segunda,till 12,2
741,2024-08-19,75,LEVE,Segunda,till 10,1
737,2024-08-19,75,FORTE,Segunda,till 11,1
733,2024-08-19,6,FORTE,Segunda,till 9,1
745,2024-08-19,75,LEVE,Segunda,till 8,1
749,2024-08-19,116,FORTE,Segunda,till 14,1
852,2024-08-19,6,LEVE,Segunda,till 12,1
477,2024-08-19,116,FORTE,Segunda,till 11,1
489,2024-08-19,116,FORTE,Segunda,till 8,4
493,2024-08-19,116,FORTE,Segunda,till 9,1
497,2024-08-19,116,LEVE,Segunda,till 10,1
501,2024-08-19,170,FORTE,Segunda,till 10,3
473,2024-08-19,116,FORTE,Segunda,till 10,2
469,2024-08-19,116,FORTE,Segunda,greater than 14,2
505,2024-08-19,170,FORTE,Segunda,till 11,1
509,2024-08-19,170,FORTE,Segunda,till 8,3
465,2024-08-19,75,LEVE,Segunda,till 9,2
513,2024-08-19,170,FORTE,Segunda,till 9,6
517,2024-08-19,170,LEVE,Segunda,till 8,1
485,2024-08-19,116,FORTE,Segunda,till 13,2
461,2024-08-19,75,FORTE,Segunda,till 9,5
453,2024-08-19,75,FORTE,Segunda,till 12,1
449,2024-08-19,75,FORTE,Segunda,till 10,4
445,2024-08-19,6,LEVE,Segunda,till 10,1
441,2024-08-19,6,FORTE,Segunda,till 14,1
437,2024-08-19,6,FORTE,Segunda,till 13,3
894,2024-08-19,6,LEVE,Segunda,till 11,1
433,2024-08-19,6,FORTE,Segunda,till 12,4
429,2024-08-19,6,FORTE,Segunda,till 11,5
425,2024-08-19,6,FORTE,Segunda,till 10,2
421,2024-08-19,6,FORTE,Segunda,greater than 14,1
898,2024-08-19,116,LEVE,Segunda,till 8,1
457,2024-08-19,75,FORTE,Segunda,till 8,4
481,2024-08-19,116,FORTE,Segunda,till 12,2
765,2024-08-20,116,FORTE,Terça,till 9,3
761,2024-08-20,6,FORTE,Terça,till 13,3
549,2024-08-20,116,FORTE,Terça,till 14,1
529,2024-08-20,6,FORTE,Terça,till 8,1
856,2024-08-20,116,FORTE,Terça,till 11,1
553,2024-08-20,116,FORTE,Terça,till 8,7
545,2024-08-20,116,FORTE,Terça,till 10,2
541,2024-08-20,75,FORTE,Terça,till 9,5
537,2024-08-20,75,FORTE,Terça,till 8,2
557,2024-08-20,170,FORTE,Terça,till 8,4
533,2024-08-20,6,FORTE,Terça,till 9,1
561,2024-08-20,170,LEVE,Terça,till 8,1
525,2024-08-20,6,FORTE,Terça,till 11,1
521,2024-08-20,6,FORTE,Terça,till 10,2
777,2024-08-21,116,FORTE,Quarta,till 12,1
773,2024-08-21,75,LEVE,Quarta,till 9,1
573,2024-08-21,116,FORTE,Quarta,till 8,2
565,2024-08-21,6,FORTE,Quarta,till 8,2
569,2024-08-21,75,FORTE,Quarta,till 8,3
769,2024-08-21,75,LEVE,Quarta,till 8,1
78,2024-08-22,116,LEVE,Quinta,till 11,1
38,2024-08-22,75,FORTE,Quinta,till 11,2
43,2024-08-22,75,FORTE,Quinta,till 9,6
48,2024-08-22,75,LEVE,Quinta,till 9,1
53,2024-08-22,116,FORTE,Quinta,greater than 14,2
58,2024-08-22,116,FORTE,Quinta,till 10,2
83,2024-08-22,170,FORTE,Quinta,till 10,1
792,2024-08-22,116,FORTE,Quinta,till 12,2
63,2024-08-22,116,FORTE,Quinta,till 11,2
861,2024-08-22,116,FORTE,Quinta,till 14,1
103,2024-08-22,170,LEVE,Quinta,till 8,2
88,2024-08-22,170,FORTE,Quinta,till 12,1
68,2024-08-22,116,FORTE,Quinta,till 8,3
98,2024-08-22,170,FORTE,Quinta,till 9,6
93,2024-08-22,170,FORTE,Quinta,till 8,4
33,2024-08-22,75,FORTE,Quinta,till 10,4
73,2024-08-22,116,FORTE,Quinta,till 9,1
23,2024-08-22,6,LEVE,Quinta,till 10,1
583,2024-08-22,6,FORTE,Quinta,till 12,4
578,2024-08-22,6,FORTE,Quinta,till 11,5
787,2024-08-22,75,FORTE,Quinta,till 8,4
588,2024-08-22,75,FORTE,Quinta,till 12,1
908,2024-08-22,6,LEVE,Quinta,till 12,1
28,2024-08-22,6,LEVE,Quinta,till 11,1
593,2024-08-22,75,LEVE,Quinta,till 10,1
802,2024-08-22,170,LEVE,Quinta,till 10,1
598,2024-08-22,75,LEVE,Quinta,till 8,1
782,2024-08-22,6,FORTE,Quinta,till 8,1
608,2024-08-22,116,LEVE,Quinta,till 8,1
13,2024-08-22,6,FORTE,Quinta,till 13,3
903,2024-08-22,6,FORTE,Quinta,till 9,1
18,2024-08-22,6,FORTE,Quinta,till 14,2
3,2024-08-22,6,FORTE,Quinta,greater than 14,3
8,2024-08-22,6,FORTE,Quinta,till 10,1
603,2024-08-22,116,FORTE,Quinta,till 13,2
797,2024-08-22,170,FORTE,Quinta,till 11,1
123,2024-08-23,6,FORTE,Sexta,till 13,3
193,2024-08-23,170,FORTE,Sexta,till 11,1
198,2024-08-23,170,FORTE,Sexta,till 8,3
213,2024-08-23,170,LEVE,Sexta,till 9,1
208,2024-08-23,170,LEVE,Sexta,till 8,1
807,2024-08-23,6,FORTE,Sexta,till 9,1
812,2024-08-23,6,LEVE,Sexta,till 12,1
118,2024-08-23,6,FORTE,Sexta,till 12,4
203,2024-08-23,170,FORTE,Sexta,till 9,6
188,2024-08-23,170,FORTE,Sexta,till 10,3
178,2024-08-23,116,FORTE,Sexta,till 13,2
866,2024-08-23,6,FORTE,Sexta,till 8,1
173,2024-08-23,116,FORTE,Sexta,till 12,2
168,2024-08-23,116,FORTE,Sexta,till 11,1
163,2024-08-23,116,FORTE,Sexta,greater than 14,2
871,2024-08-23,75,LEVE,Sexta,till 8,1
881,2024-08-23,116,LEVE,Sexta,till 13,1
153,2024-08-23,75,FORTE,Sexta,till 9,5
148,2024-08-23,75,FORTE,Sexta,till 8,4
143,2024-08-23,75,FORTE,Sexta,till 11,1
876,2024-08-23,116,FORTE,Sexta,till 14,1
138,2024-08-23,75,FORTE,Sexta,till 10,4
133,2024-08-23,6,LEVE,Sexta,till 11,1
128,2024-08-23,6,FORTE,Sexta,till 14,1
183,2024-08-23,116,FORTE,Sexta,till 8,4
158,2024-08-23,75,LEVE,Sexta,till 10,1
108,2024-08-23,6,FORTE,Sexta,greater than 14,1
648,2024-08-23,170,LEVE,Sexta,till 11,1
618,2024-08-23,6,LEVE,Sexta,till 10,1
613,2024-08-23,6,FORTE,Sexta,till 10,2
623,2024-08-23,75,LEVE,Sexta,till 9,1
628,2024-08-23,116,FORTE,Sexta,till 10,2
817,2024-08-23,75,FORTE,Sexta,till 12,1
113,2024-08-23,6,FORTE,Sexta,till 11,5
633,2024-08-23,116,FORTE,Sexta,till 9,1
822,2024-08-23,116,LEVE,Sexta,till 12,1
638,2024-08-23,116,LEVE,Sexta,till 8,1
643,2024-08-23,170,FORTE,Sexta,till 13,2
303,2024-08-24,170,FORTE,Sábado,till 10,3
308,2024-08-24,170,FORTE,Sábado,till 11,1
313,2024-08-24,170,FORTE,Sábado,till 12,2
693,2024-08-24,116,FORTE,Sábado,till 12,2
663,2024-08-24,6,FORTE,Sábado,till 12,4
323,2024-08-24,170,FORTE,Sábado,till 9,5
328,2024-08-24,170,LEVE,Sábado,till 11,1
298,2024-08-24,116,LEVE,Sábado,till 8,1
832,2024-08-24,6,LEVE,Sábado,till 11,1
886,2024-08-24,170,LEVE,Sábado,till 10,1
827,2024-08-24,6,FORTE,Sábado,till 8,2
318,2024-08-24,170,FORTE,Sábado,till 8,4
333,2024-08-24,170,LEVE,Sábado,till 8,1
688,2024-08-24,116,FORTE,Sábado,till 10,1
288,2024-08-24,116,FORTE,Sábado,till 8,7
258,2024-08-24,75,FORTE,Sábado,till 9,5
263,2024-08-24,75,LEVE,Sábado,till 10,1
248,2024-08-24,75,FORTE,Sábado,till 12,1
243,2024-08-24,75,FORTE,Sábado,till 10,5
668,2024-08-24,6,FORTE,Sábado,till 9,1
268,2024-08-24,75,LEVE,Sábado,till 9,1
238,2024-08-24,6,LEVE,Sábado,till 12,1
658,2024-08-24,6,FORTE,Sábado,till 11,4
233,2024-08-24,6,LEVE,Sábado,till 10,1
673,2024-08-24,6,LEVE,Sábado,till 8,1
293,2024-08-24,116,FORTE,Sábado,till 9,3
228,2024-08-24,6,FORTE,Sábado,till 14,3
273,2024-08-24,116,FORTE,Sábado,greater than 14,2
218,2024-08-24,6,FORTE,Sábado,greater than 14,3
678,2024-08-24,75,FORTE,Sábado,till 11,1
278,2024-08-24,116,FORTE,Sábado,till 11,1
283,2024-08-24,116,FORTE,Sábado,till 13,1
653,2024-08-24,6,FORTE,Sábado,till 10,3
683,2024-08-24,75,LEVE,Sábado,till 8,1
223,2024-08-24,6,FORTE,Sábado,till 13,3
253,2024-08-24,75,FORTE,Sábado,till 8,2
718,2024-08-25,116,FORTE,Domingo,till 8,3
726,2024-08-25,170,LEVE,Domingo,till 9,1
891,2024-08-25,6,FORTE,Domingo,till 8,1
722,2024-08-25,170,LEVE,Domingo,till 10,1
841,2024-08-25,75,LEVE,Domingo,till 8,1
710,2024-08-25,6,LEVE,Domingo,till 9,1
418,2024-08-25,170,LEVE,Domingo,till 8,2
414,2024-08-25,170,FORTE,Domingo,till 9,6
410,2024-08-25,170,FORTE,Domingo,till 8,4
406,2024-08-25,170,FORTE,Domingo,till 12,1
402,2024-08-25,170,FORTE,Domingo,till 11,1
398,2024-08-25,170,FORTE,Domingo,till 10,1
394,2024-08-25,116,FORTE,Domingo,till 9,1
390,2024-08-25,116,FORTE,Domingo,till 11,2
386,2024-08-25,116,FORTE,Domingo,till 10,2
382,2024-08-25,116,FORTE,Domingo,greater than 14,2
378,2024-08-25,75,LEVE,Domingo,till 9,1
370,2024-08-25,75,FORTE,Domingo,till 8,3
366,2024-08-25,75,FORTE,Domingo,till 11,2
714,2024-08-25,116,FORTE,Domingo,till 13,2
362,2024-08-25,75,FORTE,Domingo,till 10,4
845,2024-08-25,116,FORTE,Domingo,till 12,2
706,2024-08-25,6,LEVE,Domingo,till 13,1
702,2024-08-25,6,FORTE,Domingo,till 9,1
698,2024-08-25,6,FORTE,Domingo,till 10,1
849,2024-08-25,116,FORTE,Domingo,till 14,1
837,2024-08-25,6,LEVE,Domingo,till 10,1
338,2024-08-25,6,FORTE,Domingo,greater than 14,3
374,2024-08-25,75,FORTE,Domingo,till 9,6
342,2024-08-25,6,FORTE,Domingo,till 11,3
346,2024-08-25,6,FORTE,Domingo,till 12,3
350,2024-08-25,6,FORTE,Domingo,till 13,3
354,2024-08-25,6,FORTE,Domingo,till 14,2
358,2024-08-25,6,LEVE,Domingo,till 11,1
754,2024-08-26,170,FORTE,Segunda,till 12,2
853,2024-08-26,6,LEVE,Segunda,till 12,1
758,2024-08-26,170,LEVE,Segunda,till 9,1
750,2024-08-26,116,FORTE,Segunda,till 14,1
899,2024-08-26,116,LEVE,Segunda,till 8,1
895,2024-08-26,6,LEVE,Segunda,till 11,1
454,2024-08-26,75,FORTE,Segunda,till 12,1
742,2024-08-26,75,LEVE,Segunda,till 10,1
510,2024-08-26,170,FORTE,Segunda,till 8,3
506,2024-08-26,170,FORTE,Segunda,till 11,1
502,2024-08-26,170,FORTE,Segunda,till 10,3
498,2024-08-26,116,LEVE,Segunda,till 10,1
494,2024-08-26,116,FORTE,Segunda,till 9,1
490,2024-08-26,116,FORTE,Segunda,till 8,4
486,2024-08-26,116,FORTE,Segunda,till 13,2
482,2024-08-26,116,FORTE,Segunda,till 12,2
478,2024-08-26,116,FORTE,Segunda,till 11,1
474,2024-08-26,116,FORTE,Segunda,till 10,2
514,2024-08-26,170,FORTE,Segunda,till 9,6
470,2024-08-26,116,FORTE,Segunda,greater than 14,2
462,2024-08-26,75,FORTE,Segunda,till 9,5
458,2024-08-26,75,FORTE,Segunda,till 8,4
450,2024-08-26,75,FORTE,Segunda,till 10,4
446,2024-08-26,6,LEVE,Segunda,till 10,1
442,2024-08-26,6,FORTE,Segunda,till 14,1
438,2024-08-26,6,FORTE,Segunda,till 13,3
434,2024-08-26,6,FORTE,Segunda,till 12,4
430,2024-08-26,6,FORTE,Segunda,till 11,5
746,2024-08-26,75,LEVE,Segunda,till 8,1
422,2024-08-26,6,FORTE,Segunda,greater than 14,1
466,2024-08-26,75,LEVE,Segunda,till 9,2
518,2024-08-26,170,LEVE,Segunda,till 8,1
426,2024-08-26,6,FORTE,Segunda,till 10,2
730,2024-08-26,6,FORTE,Segunda,till 8,1
738,2024-08-26,75,FORTE,Segunda,till 11,1
734,2024-08-26,6,FORTE,Segunda,till 9,1
857,2024-08-27,116,FORTE,Terça,till 11,1
762,2024-08-27,6,FORTE,Terça,till 13,3
766,2024-08-27,116,FORTE,Terça,till 9,3
522,2024-08-27,6,FORTE,Terça,till 10,2
530,2024-08-27,6,FORTE,Terça,till 8,1
534,2024-08-27,6,FORTE,Terça,till 9,1
538,2024-08-27,75,FORTE,Terça,till 8,2
542,2024-08-27,75,FORTE,Terça,till 9,5
546,2024-08-27,116,FORTE,Terça,till 10,2
550,2024-08-27,116,FORTE,Terça,till 14,1
554,2024-08-27,116,FORTE,Terça,till 8,7
526,2024-08-27,6,FORTE,Terça,till 11,1
562,2024-08-27,170,LEVE,Terça,till 8,1
558,2024-08-27,170,FORTE,Terça,till 8,4
778,2024-08-28,116,FORTE,Quarta,till 12,1
566,2024-08-28,6,FORTE,Quarta,till 8,2
570,2024-08-28,75,FORTE,Quarta,till 8,3
574,2024-08-28,116,FORTE,Quarta,till 8,2
770,2024-08-28,75,LEVE,Quarta,till 8,1
774,2024-08-28,75,LEVE,Quarta,till 9,1
84,2024-08-29,170,FORTE,Quinta,till 10,1
89,2024-08-29,170,FORTE,Quinta,till 12,1
14,2024-08-29,6,FORTE,Quinta,till 13,3
104,2024-08-29,170,LEVE,Quinta,till 8,2
99,2024-08-29,170,FORTE,Quinta,till 9,6
862,2024-08-29,116,FORTE,Quinta,till 14,1
9,2024-08-29,6,FORTE,Quinta,till 10,1
4,2024-08-29,6,FORTE,Quinta,greater than 14,3
609,2024-08-29,116,LEVE,Quinta,till 8,1
94,2024-08-29,170,FORTE,Quinta,till 8,4
79,2024-08-29,116,LEVE,Quinta,till 11,1
69,2024-08-29,116,FORTE,Quinta,till 8,3
64,2024-08-29,116,FORTE,Quinta,till 11,2
59,2024-08-29,116,FORTE,Quinta,till 10,2
54,2024-08-29,116,FORTE,Quinta,greater than 14,2
49,2024-08-29,75,LEVE,Quinta,till 9,1
44,2024-08-29,75,FORTE,Quinta,till 9,6
904,2024-08-29,6,FORTE,Quinta,till 9,1
19,2024-08-29,6,FORTE,Quinta,till 14,2
24,2024-08-29,6,LEVE,Quinta,till 10,1
39,2024-08-29,75,FORTE,Quinta,till 11,2
29,2024-08-29,6,LEVE,Quinta,till 11,1
34,2024-08-29,75,FORTE,Quinta,till 10,4
74,2024-08-29,116,FORTE,Quinta,till 9,1
604,2024-08-29,116,FORTE,Quinta,till 13,2
909,2024-08-29,6,LEVE,Quinta,till 12,1
793,2024-08-29,116,FORTE,Quinta,till 12,2
599,2024-08-29,75,LEVE,Quinta,till 8,1
594,2024-08-29,75,LEVE,Quinta,till 10,1
589,2024-08-29,75,FORTE,Quinta,till 12,1
584,2024-08-29,6,FORTE,Quinta,till 12,4
783,2024-08-29,6,FORTE,Quinta,till 8,1
579,2024-08-29,6,FORTE,Quinta,till 11,5
788,2024-08-29,75,FORTE,Quinta,till 8,4
798,2024-08-29,170,FORTE,Quinta,till 11,1
803,2024-08-29,170,LEVE,Quinta,till 10,1
194,2024-08-30,170,FORTE,Sexta,till 11,1
818,2024-08-30,75,FORTE,Sexta,till 12,1
199,2024-08-30,170,FORTE,Sexta,till 8,3
867,2024-08-30,6,FORTE,Sexta,till 8,1
209,2024-08-30,170,LEVE,Sexta,till 8,1
189,2024-08-30,170,FORTE,Sexta,till 10,3
214,2024-08-30,170,LEVE,Sexta,till 9,1
204,2024-08-30,170,FORTE,Sexta,till 9,6
184,2024-08-30,116,FORTE,Sexta,till 8,4
159,2024-08-30,75,LEVE,Sexta,till 10,1
877,2024-08-30,116,FORTE,Sexta,till 14,1
174,2024-08-30,116,FORTE,Sexta,till 12,2
169,2024-08-30,116,FORTE,Sexta,till 11,1
164,2024-08-30,116,FORTE,Sexta,greater than 14,2
134,2024-08-30,6,LEVE,Sexta,till 11,1
872,2024-08-30,75,LEVE,Sexta,till 8,1
154,2024-08-30,75,FORTE,Sexta,till 9,5
149,2024-08-30,75,FORTE,Sexta,till 8,4
179,2024-08-30,116,FORTE,Sexta,till 13,2
129,2024-08-30,6,FORTE,Sexta,till 14,1
109,2024-08-30,6,FORTE,Sexta,greater than 14,1
119,2024-08-30,6,FORTE,Sexta,till 12,4
823,2024-08-30,116,LEVE,Sexta,till 12,1
614,2024-08-30,6,FORTE,Sexta,till 10,2
619,2024-08-30,6,LEVE,Sexta,till 10,1
624,2024-08-30,75,LEVE,Sexta,till 9,1
629,2024-08-30,116,FORTE,Sexta,till 10,2
808,2024-08-30,6,FORTE,Sexta,till 9,1
634,2024-08-30,116,FORTE,Sexta,till 9,1
639,2024-08-30,116,LEVE,Sexta,till 8,1
644,2024-08-30,170,FORTE,Sexta,till 13,2
813,2024-08-30,6,LEVE,Sexta,till 12,1
649,2024-08-30,170,LEVE,Sexta,till 11,1
144,2024-08-30,75,FORTE,Sexta,till 11,1
114,2024-08-30,6,FORTE,Sexta,till 11,5
882,2024-08-30,116,LEVE,Sexta,till 13,1
124,2024-08-30,6,FORTE,Sexta,till 13,3
139,2024-08-30,75,FORTE,Sexta,till 10,4
887,2024-08-31,170,LEVE,Sábado,till 10,1
654,2024-08-31,6,FORTE,Sábado,till 10,3
659,2024-08-31,6,FORTE,Sábado,till 11,4
689,2024-08-31,116,FORTE,Sábado,till 10,1
664,2024-08-31,6,FORTE,Sábado,till 12,4
694,2024-08-31,116,FORTE,Sábado,till 12,2
828,2024-08-31,6,FORTE,Sábado,till 8,2
679,2024-08-31,75,FORTE,Sábado,till 11,1
674,2024-08-31,6,LEVE,Sábado,till 8,1
334,2024-08-31,170,LEVE,Sábado,till 8,1
833,2024-08-31,6,LEVE,Sábado,till 11,1
329,2024-08-31,170,LEVE,Sábado,till 11,1
324,2024-08-31,170,FORTE,Sábado,till 9,5
319,2024-08-31,170,FORTE,Sábado,till 8,4
314,2024-08-31,170,FORTE,Sábado,till 12,2
309,2024-08-31,170,FORTE,Sábado,till 11,1
304,2024-08-31,170,FORTE,Sábado,till 10,3
299,2024-08-31,116,LEVE,Sábado,till 8,1
294,2024-08-31,116,FORTE,Sábado,till 9,3
289,2024-08-31,116,FORTE,Sábado,till 8,7
669,2024-08-31,6,FORTE,Sábado,till 9,1
279,2024-08-31,116,FORTE,Sábado,till 11,1
274,2024-08-31,116,FORTE,Sábado,greater than 14,2
269,2024-08-31,75,LEVE,Sábado,till 9,1
264,2024-08-31,75,LEVE,Sábado,till 10,1
259,2024-08-31,75,FORTE,Sábado,till 9,5
254,2024-08-31,75,FORTE,Sábado,till 8,2
249,2024-08-31,75,FORTE,Sábado,till 12,1
244,2024-08-31,75,FORTE,Sábado,till 10,5
239,2024-08-31,6,LEVE,Sábado,till 12,1
234,2024-08-31,6,LEVE,Sábado,till 10,1
229,2024-08-31,6,FORTE,Sábado,till 14,3
224,2024-08-31,6,FORTE,Sábado,till 13,3
219,2024-08-31,6,FORTE,Sábado,greater than 14,3
684,2024-08-31,75,LEVE,Sábado,till 8,1
284,2024-08-31,116,FORTE,Sábado,till 13,1
